Print_ID,Product,ParentCategory,Category,Print_URL,Product_URL,Discount,Realization
0,Wizytówki bigowane,Poligrafia,Wizytówki,https://web-to-print.pl/,https://www.web-to-print.pl/wizytowki_bigowane,0%,"Standard-cyfra 48 h, Express-cyfra 24 h"
0,Ulotki,Poligrafia,Ulotki,https://web-to-print.pl/,https://www.web-to-print.pl/ulotki,0%,"Standard-cyfra 48 h, Express-cyfra 24 h"
0,Ulotki składane,Poligrafia,Ulotki składane,https://web-to-print.pl/,https://www.web-to-print.pl/ulotki_skladane,0%,"Standard-cyfra 48 h, Express-cyfra 24 h"
0,Katalogi szyte,Poligrafia,Katalogi,https://web-to-print.pl/,https://www.web-to-print.pl/katalogi_szyte,0%,"Standard-cyfra 48 h, Express-cyfra 24 h"
0,Plakaty,Poligrafia,Plakaty,https://web-to-print.pl/,https://www.web-to-print.pl/plakaty,0%,"Standard-cyfra 48 h, Express-cyfra 24 h"
0,Plakat XXL,Poligrafia,Plakaty,https://web-to-print.pl/,https://web-to-print.pl/plakaty-xxl ,0%,Standard 3 dni
0,Papier firmowy,Poligrafia,Papier firmowy,https://web-to-print.pl/,https://www.web-to-print.pl/papier_firmowy,0%,"Standard-cyfra 48 h, Express-cyfra 24 h"
0,Kartki pocztowe,Poligrafia,Pocztówki,https://web-to-print.pl/,https://www.web-to-print.pl/kartki_pocztowe,0%,"Standard-cyfra 48 h, Express-cyfra 24 h"
0,Dyplomy,Inne,Dyplomy,https://web-to-print.pl/,https://www.web-to-print.pl/dyplomy,0%,Expres Cyfra 24 h
0,Wizytówki i biznes karty,Poligrafia,Wizytówki,https://web-to-print.pl/,https://www.web-to-print.pl/wizytowki_i_biznes_karty,0%,"Express 24 h, Standard 48 h"
0,Wizytówki premium,Poligrafia,Wizytówki,https://web-to-print.pl/,https://www.web-to-print.pl/wizytowki_premium,0%,Standard 3 dni
0,Banery,Wielki format,Bannery,https://web-to-print.pl/,https://web-to-print.pl/banery,20%,Standard 3 dni
0,Winietki na stoły,Poligrafia,Zaproszenia,https://web-to-print.pl/,https://web-to-print.pl/winietki-na-stoly,20%,"Express 24 h, Standard 48 h"
3,Wizytówki Sleeking,Poligrafia,Wizytówki,https://drukexpress.pl/,https://drukexpress.pl/produkty/pokaz/wizytowki_sleeking,25%,Standard 4 dni
3,Wizytówki HotStamping,Poligrafia,Wizytówki,https://drukexpress.pl/,https://drukexpress.pl/produkty/pokaz/wizytowki_hotstamping,25%,Standard 3 dni
3,Wizytówki Multiloft Sleeking,Poligrafia,Wizytówki,https://drukexpress.pl/,https://drukexpress.pl/produkty/pokaz/wizytowki_multiloft_sleeking,25%,Standard 4 dni
3,Wizytówki Multiloft HotStamping,Poligrafia,Wizytówki,https://drukexpress.pl/,https://drukexpress.pl/produkty/pokaz/wizytowki_multiloft_hotstamping,25%,Standard 2 dni
3,Ulotki Express,Poligrafia,Ulotki,https://drukexpress.pl/,https://drukexpress.pl/produkty/pokaz/ulotki_express,25%,Express 24h
3,Ulotki Sleeking,Poligrafia,Ulotki,https://drukexpress.pl/,https://drukexpress.pl/produkty/pokaz/ulotki_sleeking,25%,Standard 4 dni
3,Ulotki Syntetyczne,Poligrafia,Ulotki,https://drukexpress.pl/,https://drukexpress.pl/produkty/pokaz/ulotki_syntetyczne,25%,Express 24h
3,Ulotki składane,Poligrafia,Ulotki składane,https://drukexpress.pl/,https://drukexpress.pl/produkty/pokaz/ulotki_skladane,25%,Express 24h
3,Ulotki składane Sleeking,Poligrafia,Ulotki składane,https://drukexpress.pl/,https://drukexpress.pl/produkty/pokaz/ulotki_skladane_sleeking,25%,Standard 4 dni
3,Naklejki samoprzylepne Sleeking,Poligrafia,Naklejki / Etykiety,https://drukexpress.pl/,https://drukexpress.pl/produkty/pokaz/naklejki_samoprzylepne_-_sleeking,25%,Standard 5 dni
3,Certyfikaty Sleeking,Inne,Certyfikaty,https://drukexpress.pl/,https://drukexpress.pl/produkty/pokaz/certyfikaty_sleeking,25%,Standard 4 dni
3,Dyplomy Sleeking,Inne,Dyplomy,https://drukexpress.pl/,https://drukexpress.pl/produkty/pokaz/dyplomy_sleeking,25%,Standard 4 dni
3,Metki proste,Poligrafia,Metki   ,https://drukexpress.pl/,https://drukexpress.pl/produkty/pokaz/metki_proste,25%,Express 24h
3,Metki sztancowane,Poligrafia,Metki   ,https://drukexpress.pl/,https://drukexpress.pl/produkty/pokaz/metki_sztancowane,25%,Standard 2 dni
3,Wizytówki,Poligrafia,Wizytówki,https://drukexpress.pl/,https://drukexpress.pl/produkty/pokaz/wizytowki,25%,Express 24h  
3,Naklejki samoprzylepne,Inne,Naklejki / Etykiety,https://drukexpress.pl/,https://drukexpress.pl/produkty/pokaz/naklejki_samoprzylepne,25%,Standard 2 dni
3,Bilety,Inne,Bilety,https://drukexpress.pl/,https://drukexpress.pl/produkty/pokaz/bilety,25%,Express 24 h
3,Papier firmowy,Poligrafia,Papier firmowy,https://drukexpress.pl/,https://www.drukexpress.pl/produkty/pokaz/papier_firmowy ,25%,Express 24 h
3,Plakaty XXL,Poligrafia,Plakaty,https://drukexpress.pl/,https://drukexpress.pl/produkty/pokaz/plakaty_xxl,25%,Express 24 h
3,Wizytówki MultiLoft,Poligrafia,Wizytówki,https://drukexpress.pl/,https://drukexpress.pl/produkty/pokaz/wizytowki_multiloft,25%,Standard 2 dni
3,Wizytówki na papierze ozdobnym,Poligrafia,Wizytówki,https://drukexpress.pl/,https://www.drukexpress.pl/administracja/a_product/nameAndTitle/57 ,25%,Express 24 h
3,Wizytówki MultiLoft Magnet,Poligrafia,Wizytówki,https://drukexpress.pl/,https://drukexpress.pl/produkty/pokaz/wizytowki_multiloft_magnet,25%,Standard 2 dni
3,Zaproszenia,Poligrafia,Zaproszenia,https://drukexpress.pl/,https://drukexpress.pl/produkty/pokaz/zaproszenia,25%,Standard 2 dni
3,Pocztówki,Poligrafia,Pocztówki,https://drukexpress.pl/,https://drukexpress.pl/produkty/pokaz/pocztowki,25%,Standard 2 dni
3,Magnesy reklamowe,Inne,Magnesy reklamowe,https://drukexpress.pl/,https://www.drukexpress.pl/produkty/pokaz/magnesy_reklamowe ,25%,Standard 3 dni
3,Druki samokopiujące,Inne,Druki samokopiujące,https://drukexpress.pl/,https://www.drukexpress.pl/produkty/pokaz/druki_samokopiujace ,25%,Standard 2 dni
3,Katalogi Szyte,Poligrafia,Katalogi,https://drukexpress.pl/,https://www.drukexpress.pl/produkty/pokaz/katalogi_szyte ,25%,Standard 5 dni
3,Notesy spiralowane,Poligrafia,Notesy,https://drukexpress.pl/,https://drukexpress.pl/produkty/pokaz/notesy_spiralowane,25%,Standard 2 dni
3,Katalogi Klejone PUR,Poligrafia,Katalogi,https://drukexpress.pl/,https://drukexpress.pl/produkty/pokaz/katalogi_klejone_pur,25%,Standard 5 dni
3,Długopisy z nadrukiem,Gadżety,Długopisy,https://drukexpress.pl/,https://drukexpress.pl/produkty/pokaz/dlugopisy_z_nadrukiem,25%,Standard 3 dni
3,Roll Up,Wielki format,Roll Up,https://drukexpress.pl/,https://drukexpress.pl/produkty/pokaz/roll_up,25%,Standard 2 dni
3,Karty plastikowe,Poligrafia,Karty,https://drukexpress.pl/,https://drukexpress.pl/produkty/pokaz/karty_plastikowe,25%,Express 24 h
10,Ulotki,Poligrafia,Ulotki,https://piga.pl/,https://piga.pl/produkty/drukarnia-ulotki-druk,20%,Standard 2 dni
10,Plakaty,Poligrafia,Plakaty,https://piga.pl/,https://piga.pl/produkty/plakaty-drukarnia,20%,Standard 2 dni
10,Teczki ofertowe,Poligrafia,Teczki,https://piga.pl/,https://piga.pl/produkty/firmowe-teczki-ofertowe,20%,Standard 2 dni
10,Kalendarze jednodzielne ,Inne,Kalendarze,https://piga.pl/,https://piga.pl/produkty/kalendarze-jednodzielne-firmowe-ceny,20%,Standard 4 dni
10,Kalendarze trójdzielne ,Inne,Kalendarze,https://piga.pl/,https://piga.pl/produkty/kalendarze-trojdzielne-drukarnia-cennik ,20%,Standard 5 dni
10,Kalendarze spiralowane ,Inne,Kalendarze,https://piga.pl/,https://piga.pl/produkty/kalendarze-spiralowane-druk,20%,Standard 4 dni
10,Kalendarze biurkowe ,Inne,Kalendarze,https://piga.pl/,https://piga.pl/produkty/kalendarze-biurkowe-drukarnia-tychy ,20%,Standard 4 dni
10,Kalendarze listwowane ,Inne,Kalendarze,https://piga.pl/,https://piga.pl/produkty/reklamowe-kalendarze-plakatowe,20%,Standard 4 dni
10,Kalendarze miesięczne ,Inne,Kalendarze,https://piga.pl/,https://piga.pl/produkty/kalendarze-piramidki-spiralowane-miesieczne,20%,Standard 4 dni
10,Kalendarze tygodniowe ,Inne,Kalendarze,https://piga.pl/,https://piga.pl/produkty/kalendarze-piramidki-spiralowane-tygodniowe,20%,Standard 4 dni
10,Papier firmowy ,Poligrafia,Papier firmowy,https://piga.pl/,https://piga.pl/produkty/papier-firmowy-druk-cena,20%,Standard 2 dni
10,Notesy ,Poligrafia,Notesy,https://piga.pl/,https://piga.pl/produkty/notesy-firmowe-z-nadrukiem,20%,Standard 5 dni
10,Notesy spiralowane ,Poligrafia,Notesy,https://piga.pl/,https://piga.pl/produkty/notesy_spiralowane,20%,Standard 4 dni
10,Ulotki składane ,Poligrafia,Ulotki,https://piga.pl/,https://piga.pl/produkty/promocyjne-ulotki-skladane ,20%,Standard 2 dni
10,Koperty  ,Poligrafia,Koperty,https://piga.pl/,https://piga.pl/produkty/koperty-firmowe-z-nadrukiem/,20%,Standard 3-10 dni
4,Druk na PCV,Inne,Druk UV,https://e-druk.pl/,https://e-druk.pl/produkty/pokaz/druk_na_pcv,10%,Standard 5 dni
4,Druk na Plexi,Inne,Druk UV,https://e-druk.pl/,https://e-druk.pl/produkty/pokaz/druk_na_plexi,10%,Standard 5 dni
4,Druk na Di-bond,Inne,Druk UV,https://e-druk.pl/,https://e-druk.pl/produkty/pokaz/druk_na_di-bond__tu-bond_,10%,Standard 5 dni
4,Druk na szkle,Inne,Druk UV,https://e-druk.pl/,https://e-druk.pl/produkty/pokaz/druk_na_szkle__usluga_,10%,Standard 5 dni
4,Kaseton ekonomiczny,Inne,Druk UV,https://e-druk.pl/,https://e-druk.pl/produkty/pokaz/kaseton_ekonomiczny ,10%,Standard 10 dni
2,Wizytówki cyfrowe,Poligrafia,Wizytówki,https://wydrukujemy.to/,https://wydrukujemy.to/druk/wizytowki-cyfrowe/,20%,"Standard od 2 dni, Express od 24h "
2,Ulotki cyfrowe,Poligrafia,Ulotki,https://wydrukujemy.to/,https://wydrukujemy.to/druk/ulotki-cyfrowe/,20%,"Standard od 2 dni, Express od 24h "
2,Ulotki składane,Poligrafia,Ulotki składane,https://wydrukujemy.to/,https://wydrukujemy.to/druk/ulotki-skladane/,20%,"Standard od 2 dni, Express od 24h "
2,Plakaty cyfrowe,Poligrafia,Plakaty,https://wydrukujemy.to/,https://wydrukujemy.to/druk/plakaty-cyfrowe/,20%,"Standard od 2 dni, Express od 24h "
2,Plakaty wielkoformatowe,Poligrafia,Plakaty,https://wydrukujemy.to/,https://wydrukujemy.to/druk/plakaty-wielkoformatowe/,20%,Standard od 3 dni 
2,Katalogi Spiralowane Cyfrowe,Poligrafia,Katalogi,https://wydrukujemy.to/,https://wydrukujemy.to/druk/katalogi-spiralowane-cyfrowe/,20%,"Standard od 2 dni, Express od 24h "
2,Etykiety samoprzylepne,Inne,Naklejki / Etykiety,https://wydrukujemy.to/,https://wydrukujemy.to/druk/etykiety-samoprzylepne/,20%,"Standard od 2 dni, Express od 24h "
2,Bilety,Inne,Bilety,https://wydrukujemy.to/,https://wydrukujemy.to/druk/bilety,20%,"Standard od 2 dni, Express od 24h "
2,Arkusz Plano Cyfrowy,Inne,Arkusz Plano,https://wydrukujemy.to/,https://wydrukujemy.to/druk/arkusz-plano-cyfrowy/,20%,"Standard od 2 dni, Express od 24h "
2,Druk Dokumentów,Inne,Druk Dokumentów,https://wydrukujemy.to/,https://wydrukujemy.to/druk/druk-dokumentow/,20%,"Standard od 2 dni, Express od 24h "
2,Folia monomeryczna,Wielki format,Folie,https://wydrukujemy.to/,https://wydrukujemy.to/druk/folia-monomeryczna/,20%,Standard od 3 dni 
2,Folia One Way Vision,Wielki format,Folie,https://wydrukujemy.to/,https://wydrukujemy.to/druk/folia-one-way-vision/,20%,Standard od 3 dni 
2,Folia Szroniona,Wielki format,Folie,https://wydrukujemy.to/,https://wydrukujemy.to/druk/folia-szroniona/,20%,Standard od 3 dni 
2,Naklejki Easy Dot,Inne,Naklejki / Etykiety,https://wydrukujemy.to/,https://wydrukujemy.to/druk/naklejki-easy-dot/,20%,Standard od 3 dni 
2,Roll Up,Wielki format,Roll Up,https://wydrukujemy.to/,https://wydrukujemy.to/druk/roll-up,20%,"Standard od 2 dni, Express od 24h "
2,Otwieracze z magnesem,Gadżety,Otwieracze,https://wydrukujemy.to/,https://wydrukujemy.to/druk/otwieracze-z-magnesem/,20%,"Standard od 2 dni, Express od 24h "
2,Przypinki,Gadżety,Przypinki,https://wydrukujemy.to/,https://wydrukujemy.to/druk/przypinki,20%,"Standard od 2 dni, Express od 24h "
2,Kalendarze spiralowane ,Inne,Kalendarze,https://wydrukujemy.to/,https://wydrukujemy.to/druk/kalendarze-spiralowane/ ,20%,"Standard od 2 dni, Express od 24h "
2,Fotoobrazy ,Wielki format,Fotoobrazy,https://wydrukujemy.to/,https://wydrukujemy.to/druk/fotoobrazy/ ,20%,"Standard od 2 dni, Express od 24h "
2,Arkusz naklejek ,Inne,Naklejki / Etykiety,https://wydrukujemy.to/,https://wydrukujemy.to/druk/arkusz-naklejek/ ,20%,"Standard od 2 dni, Express od 24h "
12,Kalendarze jednodzielne ,Inne,Kalendarze,https://drukujtaniej.pl/,https://drukujtaniej.pl/produkty/kalendarze_jednodzielne ,5%,Standard 4 dni
12,Kalendarze trójdzielne ,Inne,Kalendarze,https://drukujtaniej.pl/,https://drukujtaniej.pl/produkty/kalendarze_trojdzielne ,5%,Standard 4 dni
12,Piramidki - kalendarze biurkowe ,Inne,Kalendarze,https://drukujtaniej.pl/,https://drukujtaniej.pl/produkty/piramidki_-_kalendarze_biurkowe ,5%,Standard 4 dni
12,Kalendarz A3 planszowy ,Inne,Kalendarze,https://drukujtaniej.pl/,https://drukujtaniej.pl/produkty/kalendarz_a3_planszowy ,5%,Standard 4 dni
12,"Kalendarze biurkowe, spiralowane ",Inne,Kalendarze,https://drukujtaniej.pl/,https://drukujtaniej.pl/produkty/kalendarze_biurkowe__spiralowane ,5%,Standard 4 dni
12,Foldery – Katalogi szyte w niskim nakładzie,Poligrafia,Katalogi,https://drukujtaniej.pl/,https://drukujtaniej.pl/produkty/foldery_-_katalogi_szyte_w_niskim_nakladzie,15%,Standard 3 dni
12,Katalogi Spiralowane,Poligrafia,Katalogi,https://drukujtaniej.pl/,https://drukujtaniej.pl/produkty/katalogi_spiralowane,15%,Standard 4 dni
12,Albumy w oprawie twardej,Poligrafia,Katalogi,https://drukujtaniej.pl/,https://drukujtaniej.pl/produkty/albumy_w_oprawie_twardej,15%,Standard 5 dni
12,Książki w oprawie miękkiej klejonej,Poligrafia,Książki,https://drukujtaniej.pl/,https://drukujtaniej.pl/produkty/ksiazki_w_oprawie_miekkiej_klejonej,15%,Standard 7 dni
12,Etui na kartę/klucz,Inne,Etui,https://drukujtaniej.pl/,https://drukujtaniej.pl/produkty/etui_na_karte_klucz,15%,Standard 5 dni
12,Wyskakująca kostka,Inne,Zaproszenia,https://drukujtaniej.pl/,https://drukujtaniej.pl/produkty/wyskakujaca_kostka,15%,Standard 6 dni
13,Kalendarze spiralowane,Inne,Kalendarze,https://tudrukuje.pl,https://tudrukuje.pl/produkty/pokaz/kalendarze_spiralowane ,10%,Standard 5 dni
13,Wizytówki,Poligrafia,Wizytówki,https://tudrukuje.pl,https://tudrukuje.pl/produkty/pokaz/wizytowki ,10%,Express 24 h
13,Naklejki foliowe wycinane na ploterze,Inne,Naklejki / Etykiety,https://tudrukuje.pl,https://tudrukuje.pl/produkty/pokaz/naklejki_foliowe_wycinane_na_ploterze ,10%,Express 24 h
13,Plakaty druk solventowy,Poligrafia,Plakaty,https://tudrukuje.pl,https://tudrukuje.pl/produkty/pokaz/plakaty_druk_solventowy ,10%,Express 24 h
13,"Zaproszenia, Kartki Świąteczne",Poligrafia,Zaproszenia,https://tudrukuje.pl,https://tudrukuje.pl/produkty/pokaz/zaproszenia_kartki_swiateczne ,10%,Express 24 h
13,"Dyplomy, Certyfikaty",Inne,Dyplomy,https://tudrukuje.pl,https://tudrukuje.pl/produkty/pokaz/dyplomy__certyfikaty ,10%,Express 24 h
13,Pocztówki,Poligrafia,Pocztówki,https://tudrukuje.pl,https://tudrukuje.pl/produkty/pokaz/pocztowki ,10%,Express 24 h
13,Folia monomeryczna,Wielki format,Folie,https://tudrukuje.pl,https://tudrukuje.pl/produkty/pokaz/folia_monomeryczna ,10%,Express 24 h
13,Folia OWV,Wielki format,Folie,https://tudrukuje.pl,https://tudrukuje.pl/produkty/pokaz/folia_owv ,10%,Express 24 h
13,Roll-up,Wielki format,Roll Up,https://tudrukuje.pl,https://tudrukuje.pl/produkty/pokaz/roll-up ,10%,Standard 2 dni
14,Wizytówki - druk cyfrowy,Poligrafia,Wizytówki,https://e.futura.pl/ ,https://e.futura.pl/produkty/pokaz/wizytowki_-_druk_cyfrowy ,15%,"Express 24 h, Standard 2 dni"
14,Kalendarze jednodzielne druk cyfrowy,Inne,Kalendarze,https://e.futura.pl/ ,https://e.futura.pl/produkty/pokaz/kalendarze_jednodzielne_druk_cyfrowy ,15%,"Express 24 h, Standard 2 dni"
15,Plakaty A3  ,Poligrafia,Plakaty,https://printeo.pl/ ,https://printeo.pl/produkty/pokaz/plakaty_a3 ,10%,Standard 3 dni
17,Fastykuły archiwizacyjne bezkwasowe kpl.,Inne,Druk Dokumentów,https://krantom.eu/ ,https://krantom.eu/produkty/pokaz/fastykuly_archiwizacyjne_bezkwasowe_kpl_ ,15%,"Express 24 h, Standard 2 dni, Standard 3 dni"
17,Kalendarze jednodzielne,Inne,Kalendarze,https://krantom.eu/ ,https://krantom.eu/produkty/pokaz/kalendarze_jednodzielne ,15%,"Standard 8 dni, Standard 9 dni"
17,Kalendarze jednodzielne spiralowane jednomiesięczne,Inne,Kalendarze,https://krantom.eu/ ,https://krantom.eu/produkty/pokaz/kalendarze_jednodzielne_spiralowane_jednomiesieczne ,15%,Standard 6 dni
17,Kalendarze jednodzielne spiralowane trzymiesięczne,Inne,Kalendarze,https://krantom.eu/ ,https://krantom.eu/produkty/pokaz/kalendarze_jednodzielne_spiralowane_trzymiesieczne ,15%,Standard 6 dni
17,Kalendarze książkowe okładka zadrukowana,Inne,Kalendarze,https://krantom.eu/ ,https://krantom.eu/produkty/pokaz/kalendarze_ksiazkowe_okladka_zadrukowana ,15%,Standard 6 dni
17,Kalendarze książkowe baladek z tłoczeniem,Inne,Kalendarze,https://krantom.eu/ ,https://krantom.eu/produkty/pokaz/kalendarze_ksiazkowe_baladek_z_tloczeniem ,15%,"Standard 3 dni, Standard 4 dni, Standard 5 dni"
17,Kalendarze książkowe okładka zadrukowana,Inne,Kalendarze,https://krantom.eu/ ,https://krantom.eu/produkty/pokaz/kalendarze_ksiazkowe_okladka_zadrukowana ,15%,"Standard 7 dni, Standard 8 dni, Standard 9 dni"
17,Kalendarze nabiurkowe A5 spiralowane poziom pełne,Inne,Kalendarze,https://krantom.eu/ ,https://krantom.eu/produkty/pokaz/kalendarze_nabiurkowe_a5_spiralowane_poziom_pelne ,15%,"Standard 5 dni, Standard 6 dni"
17,Kalendarze nabiurkowe A5 spiralowane poziom półpełne,Inne,Kalendarze,https://krantom.eu/ ,https://krantom.eu/produkty/pokaz/kalendarze_nabiurkowe_a5_spiralowane_poziom_polpelne ,15%,"Standard 5 dni, Standard 6 dni"
17,Kalendarze trójdzielne,Inne,Kalendarze,https://krantom.eu/ ,https://krantom.eu/produkty/pokaz/kalendarze_trojdzielne ,15%,"Standard 9 dni, standard 10 dni"
17,Kalendarze trójdzielne +,Inne,Kalendarze,https://krantom.eu/ ,https://krantom.eu/produkty/pokaz/kalendarze_trojdzielne__ ,15%,"Standard 9 dni, standard 10 dni"
17,Kalendarze trójdzielne spiralowane,Inne,Kalendarze,https://krantom.eu/ ,https://krantom.eu/produkty/pokaz/kalendarze_trojdzielne_spiralowane ,15%,"Standard 9 dni, standard 10 dni"
17,Kalendarze czterodzielne,Inne,Kalendarze,https://krantom.eu/ ,https://krantom.eu/produkty/pokaz/kalendarze_czterodzielne ,15%,"Standard 13 dni, standard 14 dni"
17,Okładki na dyplomy / teczki gratulacyjne,Poligrafia,Teczki,https://krantom.eu/ ,https://krantom.eu/produkty/pokaz/okladki_na_dyplomy___teczki_gratulacyjne ,15%,"Standard 3 dni, Standard 5 dni, Standard 7 dni"
17,Panele / osłony na grzejniki,Inne,Druk Dokumentów,https://krantom.eu/ ,https://krantom.eu/produkty/pokaz/panele___oslony_na_grzejniki ,15%,Standard 5 dni
17,Płatniki kelnerskie,Inne,Druk Dokumentów,https://krantom.eu/ ,https://krantom.eu/produkty/pokaz/platniki_kelnerskie ,20%,"Standard 3 dni, Standard 5 dni, Standard 7 dni"
17,Podkładki z klipem na dokumenty A5 / clipboard A5,Inne,Druk Dokumentów,https://krantom.eu/ ,https://krantom.eu/produkty/pokaz/podkladki_z_klipem_na_dokumenty_a5___clipboard_a5 ,20%,"Standard 3 dni, Standard 5 dni, Standard 7 dni"
17,Podkładki z klipem na dokumenty A4 / clipboard A4,Inne,Druk Dokumentów,https://krantom.eu/ ,https://krantom.eu/produkty/pokaz/podkladki_z_klipem_na_dokumenty_a4_clipboard_a4 ,20%,"Standard 3 dni, Standard 5 dni, Standard 7 dni"
17,Recepty lekarskie,Inne,Druk Dokumentów,https://krantom.eu/ ,https://krantom.eu/produkty/pokaz/recepty_lekarskie ,15%,"Express 24 h, Standard 2 dni"
17,Recepty weterynaryjne,Inne,Druk Dokumentów,https://krantom.eu/ ,https://krantom.eu/produkty/pokaz/recepty_weterynaryjne ,15%,"Express 24 h, Standard 2 dni"
17,Segregatory na dokumenty A4,Inne,Druk Dokumentów,https://krantom.eu/ ,https://krantom.eu/produkty/pokaz/segregatory_na_dokumenty_a4 ,15%,"Standard 3 dni, Standard 5 dni, Standard 7 dni"
17,Segregatory na dokumenty A5,Inne,Druk Dokumentów,https://krantom.eu/ ,https://krantom.eu/produkty/pokaz/segregatory_na_dokumenty_a5 ,15%,"Standard 3 dni, Standard 5 dni, Standard 7 dni"
17,Wizytówki ze sklejki,Poligrafia,Wizytówki,https://krantom.eu/ ,https://krantom.eu/produkty/pokaz/wizytowki_ze_sklejki ,15%,Standard 4 dni
17,Zeszyt kontaktu nauczyciela z rodzicami,Inne,Druk Dokumentów,https://krantom.eu/ ,https://krantom.eu//produkty/pokaz/zeszyt_kontaktu_nauczyciela_z_rodzicami ,15%,Standard 3 dni
18,Wizytówki Multi Loft,Poligrafia,Wizytówki,https://sklep.multiprint.pl/ ,https://sklep.multiprint.pl/produkty/pokaz/wizytowki_multiloft ,5%,Standard 3 dni
18,Roll Up,Wielki format,Roll Up,https://sklep.multiprint.pl/ ,https://sklep.multiprint.pl/produkty/pokaz/roll_up ,5%,Standard 3 dni
18,Długopisy,Gadżety,Długopisy,https://sklep.multiprint.pl/ ,https://sklep.multiprint.pl/produkty/pokaz/dlugopisy ,5%,Standard 7 dni
20,Zaproszenia karnety,Poligrafia,Zaproszenia,https://printagram.com/pl/ ,https://exclusive.printagram.com/zaproszenia_karnety/ ,25%,Standard 15 dni
20,Metki zawieszki ekskluzywne,Inne,Metki i zawieszki ekskluzywne,https://printagram.com/pl/ ,https://exclusive.printagram.com/metki_zawieszki_ekskluzywne/ ,25%,Standard 15 dni
20,Koperty ekskluzywne,Poligrafia,Koperty,https://printagram.com/pl/ ,https://exclusive.printagram.com/koperty_ekskluzywne/ ,25%,Standard 15 dni
20,Wizytówki hot-stamping,Poligrafia,Wizytówki,https://printagram.com/pl/ ,https://exclusive.printagram.com/wizytowki_hot-stamping/ ,25%,Standard 14 dni
20,Wizytówki letterpress,Poligrafia,Wizytówki,https://printagram.com/pl/ ,https://exclusive.printagram.com/wizytowki_letterpress/ ,25%,Standard 15 dni
20,Ślubne zaproszenia bawełnianie,Poligrafia,Zaproszenia,https://printagram.com/pl/ ,https://exclusive.printagram.com/zaproszenia_slubne_bawelniane/ ,25%,Standard 15 dni
20,Papier firmowy ekskluzywny,Poligrafia,Papier firmowy,https://printagram.com/pl/ ,https://exclusive.printagram.com/papier_firmowy_ekskluzywny/ ,25%,Standard 15 dni
20,"Karty podarunkowe, vouchery",Poligrafia,Karty,https://printagram.com/pl/ ,https://exclusive.printagram.com/karty_podarunkowe__vouchery/ ,25%,Standard 15 dni
22,Wizytówki,Poligrafia,Wizytówki,http://kupulotki.pl/,http://kupulotki.pl/wizytowki ,14%,Express 24h
22,Ulotki  ,Poligrafia,Ulotki,http://kupulotki.pl/,http://kupulotki.pl/produkty/pokaz/ulotki_tanio,14%,Standard 5 dni
22,Ulotki Express ,Poligrafia,Ulotki,http://kupulotki.pl/,http://kupulotki.pl/produkty/pokaz/ulotki_express_24-48h,14%,Express 24h
22,Ulotki Gruba Kreda 170-350g,Poligrafia,Ulotki,http://kupulotki.pl/,http://kupulotki.pl/produkty/pokaz/ulotki_gruba_kreda_170-350g,14%,Standard 2 dni
23,Ulotki-offsetowe,Poligrafia,Ulotki,https://www.rgbdruk.pl/,http://rgbdruk.pl/produkty/pokaz/ulotki-offsetowe,10%,Standard 3 dni
23,Ulotki-offsetowe-składane,Poligrafia,Ulotki składane,https://www.rgbdruk.pl/,http://rgbdruk.pl/produkty/pokaz/ulotki-offsetowe-skladane,10%,Standard 3 dni
23,Ulotki-0ffsetowe-z-folia,Poligrafia,Ulotki składane,https://www.rgbdruk.pl/,http://rgbdruk.pl/produkty/pokaz/ulotki-offsetowe-z-folia,10%,Standard 6 dni
25,Wizytówki Grube ( kaszerowane ) 2warstwowe,Poligrafia,Wizytówki,http://cloudprinthouse.pl/,http://cloudprinthouse.pl/produkty/pokaz/wizytowki_kaszerowane__2w_,0%,"Express 24 h, Standard 2 dni"
25,Wizytówki Grube ( kaszerowane ) 3warstwowe,Poligrafia,Wizytówki,http://cloudprinthouse.pl/,http://cloudprinthouse.pl/produkty/pokaz/wizytowki_kaszerowane__3w_,0%,"Express 24 h, Standard 2 dni"
25,Metki na papierze EKO,Inne,Metki  na papierze EKO,http://cloudprinthouse.pl/,http://cloudprinthouse.pl/produkty/pokaz/metki_na_papierze_eko,0%,"Express 24 h, Standard 2 dni"
25,Metki na papierze kolorowym – barwionym w masie,Inne,Metki na papierze kolorowym,http://cloudprinthouse.pl/,http://cloudprinthouse.pl/produkty/pokaz/metki_na_papierze_kolorowym,0%,"Express 24 h, Standard 2 dni"
24,Smycz sublimacyjna - jednostronna ,Gadżety,Smycze reklamowe,http://spiroprint.iwareprint.pl/,http://spiroprint.iwareprint.pl/produkty/pokaz/smycz_sublimacyjna_-_jednostronna,25%,Standard 5 dni
24,Smycz sublimacyjna - dwustronna,Gadżety,Smycze reklamowe,http://spiroprint.iwareprint.pl/,http://spiroprint.iwareprint.pl/produkty/pokaz/smycz_sublimacyjna_-_dwustronna,25%,Standard 5 dni
24,Długopis plastikowy Onyx 2 ,Gadżety,Długopisy,http://spiroprint.iwareprint.pl/,http://spiroprint.iwareprint.pl/produkty/pokaz/dlugopis_plastikowy_onyx_2,25%,Standard 5 dni
24,Długopis plastikowy Netto,Gadżety,Długopisy,http://spiroprint.iwareprint.pl/,http://spiroprint.iwareprint.pl/produkty/pokaz/dlugopis_plastikowy_netto,25%,Standard 5 dni
24,Długopis metalowy Cosmo ,Gadżety,Długopisy,http://spiroprint.iwareprint.pl/,http://spiroprint.iwareprint.pl/produkty/pokaz/dlugopis_metalowy_cosmo,25%,Standard 5 dni
24,Długopis metalowy Ivo ,Gadżety,Długopisy,http://spiroprint.iwareprint.pl/,http://spiroprint.iwareprint.pl/produkty/pokaz/dlugopis_metalowy_ivo,25%,Standard 5 dni
24,Długopis metalowy Tico ,Gadżety,Długopisy,http://spiroprint.iwareprint.pl/,http://spiroprint.iwareprint.pl/produkty/pokaz/dlugopis_metalowy_tico,25%,Standard 5 dni
24,Długopis metalowy Porto ,Gadżety,Długopisy,http://spiroprint.iwareprint.pl/,http://spiroprint.iwareprint.pl/produkty/pokaz/dlugopis_metalowy_porto,25%,Standard 5 dni
24,Długopis plastikowy Lio ,Gadżety,Długopisy,http://spiroprint.iwareprint.pl/,http://spiroprint.iwareprint.pl/produkty/pokaz/dlugopis_plastikowy_lio,25%,Standard 5 dni
24,Długopis plastikowy Lio Color ,Gadżety,Długopisy,http://spiroprint.iwareprint.pl/,http://spiroprint.iwareprint.pl/produkty/pokaz/dlugopis_plastikowy_lio_color,25%,Standard 5 dni
24,Długopis plastikowy Comet Color ,Gadżety,Długopisy,http://spiroprint.iwareprint.pl/,http://spiroprint.iwareprint.pl/produkty/pokaz/dlugopis_plastikowy_comet_color,25%,Standard 5 dni
24,Długopis plastikowy Comet Solid ,Gadżety,Długopisy,http://spiroprint.iwareprint.pl/,http://spiroprint.iwareprint.pl/produkty/pokaz/dlugopis_plastikowy_comet_solid,25%,Standard 5 dni
24,Długopis plastikowy Comet White ,Gadżety,Długopisy,http://spiroprint.iwareprint.pl/,http://spiroprint.iwareprint.pl/produkty/pokaz/dlugopis_plastikowy_comet_white,25%,Standard 5 dni
24,Torba papierowa Giftpack A5 ,Inne,Torby,http://spiroprint.iwareprint.pl/,http://spiroprint.iwareprint.pl/produkty/pokaz/torba_papierowa_giftpack_a5,25%,Standard 5 dni
24,Torba bawełniana Ekobag ,Inne,Torby,http://spiroprint.iwareprint.pl/,http://spiroprint.iwareprint.pl/produkty/pokaz/torba_bawelniana_ekobag,25%,Standard 5 dni
24,Torba bawełniana Ekobag Max,Inne,Torby,http://spiroprint.iwareprint.pl/,http://spiroprint.iwareprint.pl/produkty/pokaz/torba_bawelniana_ekobag_max,25%,Standard 5 dni
24,Długopis plastikowy Baron,Gadżety,Długopisy,http://spiroprint.iwareprint.pl/,http://spiroprint.iwareprint.pl/produkty/pokaz/dlugopis_plastikowy_baron,25%,Standard 5 dni
24,Długopis metalowy Bello ,Gadżety,Długopisy,http://spiroprint.iwareprint.pl/,http://spiroprint.iwareprint.pl/produkty/pokaz/dlugopis_metalowy_bello,25%,Standard 5 dni
24,Długopis plastikowy Netto Color,Gadżety,Długopisy,http://spiroprint.iwareprint.pl/,http://spiroprint.iwareprint.pl/produkty/pokaz/dlugopis_plastikowy_netto_color,25%,Standard 5 dni
24,Torba papierowa Giftpack A4 ,Inne,Torby,http://spiroprint.iwareprint.pl/,http://spiroprint.iwareprint.pl/produkty/pokaz/torba_papierowa_giftpack_a4,25%,Standard 5 dni
24,Torba papierowa Giftpack A3,Inne,Torby,http://spiroprint.iwareprint.pl/,http://spiroprint.iwareprint.pl/produkty/pokaz/torba_papierowa_giftpack_a3,25%,Standard 5 dni
24,Kubek sublimacyjny Apollo,Gadżety,Kubki reklamowe,http://spiroprint.iwareprint.pl/,http://spiroprint.iwareprint.pl/produkty/pokaz/kubek_sublimacyjny_apollo,25%,Standard 5 dni
24,Kubek sublimacyjny Zeus ,Gadżety,Kubki reklamowe,http://spiroprint.iwareprint.pl/,http://spiroprint.iwareprint.pl/produkty/pokaz/kubek_sublimacyjny_zeus,25%,Standard 5 dni
24,Kubek sublimacyjny Magic ,Gadżety,Kubki reklamowe,http://spiroprint.iwareprint.pl/,http://spiroprint.iwareprint.pl/produkty/pokaz/kubek_sublimacyjny_magic,25%,Standard 5 dni
24,Kubek szroniony Arctic ,Gadżety,Kubki reklamowe,http://spiroprint.iwareprint.pl/,http://spiroprint.iwareprint.pl/produkty/pokaz/kubek_szroniony_arctic,25%,Standard 5 dni
24,Maseczka Seul ,Inne,Maseczki ochronne,http://spiroprint.iwareprint.pl/,http://spiroprint.iwareprint.pl/produkty/pokaz/maseczka_seul,25%,Standard 5 dni
24,Leżak bez podłokietnika ,Inne,Leżak,http://spiroprint.iwareprint.pl/,http://spiroprint.iwareprint.pl/produkty/pokaz/lezak_bez_podlokietnika,25%,Standard 5 dni
24,Leżak z podłokietnikiem ,Inne,Leżak,http://spiroprint.iwareprint.pl/,http://spiroprint.iwareprint.pl/produkty/pokaz/lezak_z_podlokietnikiem,25%,Standard 5 dni
1,Naklejki - wszystkie rodzaje,Inne,Naklejki / Etykiety,https://cyfrowadrukarniaonline.pl/ ,https://cyfrowadrukarniaonline.pl/produkty/pokaz/naklejki_-_wszystkie_rodzaje,10%,Standard 2 dni
1,Naklejki podłogowe,Inne,Naklejki / Etykiety,https://cyfrowadrukarniaonline.pl/ ,https://cyfrowadrukarniaonline.pl/produkty/pokaz/naklejki_podlogowe,10%,Standard 3 dni
1,Naklejki lewoczytelne (naklejane od środka),Inne,Naklejki / Etykiety,https://cyfrowadrukarniaonline.pl/ ,https://cyfrowadrukarniaonline.pl/produkty/pokaz/naklejki_lewoczytelne__naklejane_od_srodka_,10%,Standard 2 dni
1,Arkusze z naklejkami,Inne,Naklejki / Etykiety,https://cyfrowadrukarniaonline.pl/ ,https://cyfrowadrukarniaonline.pl/produkty/pokaz/arkusze_z_naklejkami,10%,Standard 3 dni
1,Naklejki Easy Dot,Inne,Naklejki / Etykiety,https://cyfrowadrukarniaonline.pl/ ,https://cyfrowadrukarniaonline.pl/produkty/pokaz/naklejki_easy_dot,10%,Standard 2 dni
1,Naklejki na folii złotej lub srebrnej,Inne,Naklejki / Etykiety,https://cyfrowadrukarniaonline.pl/ ,https://cyfrowadrukarniaonline.pl/produkty/pokaz/naklejki_na_folii_zlotej_lub_srebrnej,10%,Standard 2 dni
1,Naklejki plombowe,Inne,Naklejki / Etykiety,https://cyfrowadrukarniaonline.pl/ ,https://cyfrowadrukarniaonline.pl/produkty/pokaz/naklejki_plombowe,10%,Standard 3 dni
1,Naklejki magnetyczne,Inne,Naklejki / Etykiety,https://cyfrowadrukarniaonline.pl/ ,https://cyfrowadrukarniaonline.pl/produkty/pokaz/naklejki_magnetyczne,10%,Standard 2 dni
1,Naklejki adhezyjne,Inne,Naklejki / Etykiety,https://cyfrowadrukarniaonline.pl/ ,https://cyfrowadrukarniaonline.pl/produkty/pokaz/naklejki_adhezyjne,10%,Standard 2 dni
